[
  {
    "id": 1,
    "name": "Marcos Vinicius",
    "tipo": "checkpoint",
    "materia": "ARTIFICIAL INTELLIGENCE AND CHATBOT",
    "title": "CP1 - ChatBot1",
    "date": "2021-01-01",
    "feedback": "bom",
    "note": "5",
    "semestre": "1"
  },
  {
    "id": 2,
    "name": "Marcos Vinicius",
    "tipo": "checkpoint",
    "materia": "ARTIFICIAL INTELLIGENCE AND CHATBOT",
    "title": "CP2 - ChatBot",
    "date": "2021-01-01",
    "feedback": "Muito bom",
    "note": 7,
    "semestre": "1"
  },
  {
    "id": 3,
    "name": "Marcos Vinicius",
    "tipo": "checkpoint",
    "materia": "ARTIFICIAL INTELLIGENCE AND CHATBOT",
    "title": "CP3 - ChatBot",
    "date": "2021-01-01",
    "feedback": "Muito bom",
    "note": 9,
    "semestre": "1"
  },
  {
    "id": 4,
    "name": "Marcos Vinicius",
    "tipo": "checkpoint",
    "materia": "ARTIFICIAL INTELLIGENCE AND CHATBOT",
    "title": "CP1 - Exemplos de Projetos",
    "date": "2021-01-01",
    "feedback": "Muito bom",
    "note": 10,
    "semestre": "2"
  },
  {
    "id": 5,
    "name": "Marcos Vinicius",
    "tipo": "checkpoint",
    "materia": "ARTIFICIAL INTELLIGENCE AND CHATBOT",
    "title": "CP2 - Exemplos de Projetos",
    "date": "2021-01-01",
    "feedback": "Muito bom",
    "note": 10,
    "semestre": "2"
  },
  {
    "id": 6,
    "name": "Marcos Vinicius",
    "tipo": "checkpoint",
    "materia": "ARTIFICIAL INTELLIGENCE AND CHATBOT",
    "title": "CP3 - Exemplos de Projetos",
    "date": "2021-01-01",
    "feedback": "Muito bom",
    "note": 10,
    "semestre": "2"
  },
  {
    "id": 7,
    "name": "Marcos Vinicius",
    "tipo": "checkpoint",
    "materia": "DOMAIN DRIVEN DESIGN USING JAVA",
    "title": "CP1 - Javake",
    "date": "2021-02-18",
    "feedback": "Muito ruim",
    "note": "10",
    "semestre": "1"
  },
  {
    "id": 8,
    "name": "Marcos Vinicius",
    "tipo": "checkpoint",
    "materia": "DOMAIN DRIVEN DESIGN USING JAVA",
    "title": "CP2 - Java",
    "date": "2021-01-01",
    "feedback": "Muito bom",
    "note": 10,
    "semestre": "1"
  },
  {
    "id": 9,
    "name": "Marcos Vinicius",
    "tipo": "checkpoint",
    "materia": "DOMAIN DRIVEN DESIGN USING JAVA",
    "title": "CP3 - Exemplos de Projetos",
    "date": "2021-01-01",
    "feedback": "Muito bom",
    "note": 6,
    "semestre": "1"
  },
  {
    "id": 10,
    "name": "Marcos Vinicius",
    "tipo": "checkpoint",
    "materia": "DOMAIN DRIVEN DESIGN USING JAVA",
    "title": "CP4 - Exemplos de Projetos",
    "date": "05-05-2024",
    "feedback": "Muito bom",
    "note": 9,
    "semestre": "2"
  },
  {
    "id": 11,
    "name": "Marcos Vinicius",
    "tipo": "checkpoint",
    "materia": "DOMAIN DRIVEN DESIGN USING JAVA",
    "title": "CP5 - Exemplos de Projetos",
    "date": "2021-01-01",
    "feedback": "Muito bom",
    "note": 10,
    "semestre": "2"
  },
  {
    "id": 12,
    "name": "Marcos Vinicius",
    "tipo": "checkpoint",
    "materia": "DOMAIN DRIVEN DESIGN USING JAVA",
    "title": "CP6 - Exemplos de Projetos",
    "date": "2021-01-01",
    "feedback": "Muito bom",
    "note": 8,
    "semestre": "2"
  },
  {
    "id": 13,
    "name": "Marcos Vinicius",
    "tipo": "checkpoint",
    "materia": "BUILDING RELATIONAL DATABASE",
    "title": "CP1 - Exemplos de Projetos",
    "date": "2021-01-01",
    "feedback": "Muito bom",
    "note": 7,
    "semestre": "1"
  },
  {
    "id": 14,
    "name": "Marcos Vinicius",
    "tipo": "checkpoint",
    "materia": "BUILDING RELATIONAL DATABASE",
    "title": "CP2 - Exemplos de Projetos",
    "date": "2021-01-01",
    "feedback": "Muito bom",
    "note": 8,
    "semestre": "1"
  },
  {
    "id": 15,
    "name": "Marcos Vinicius",
    "tipo": "checkpoint",
    "materia": "BUILDING RELATIONAL DATABASE",
    "title": "CP3 - Exemplos de Projetos",
    "date": "2021-01-01",
    "feedback": "Muito bom",
    "note": 9,
    "semestre": "1"
  },
  {
    "id": 16,
    "name": "Marcos Vinicius",
    "tipo": "checkpoint",
    "materia": "BUILDING RELATIONAL DATABASE",
    "title": "CP1 - Exemplos de Projetos",
    "date": "2021-01-01",
    "feedback": "Muito bom",
    "note": 6,
    "semestre": "2"
  },
  {
    "id": 17,
    "name": "Marcos Vinicius",
    "tipo": "checkpoint",
    "materia": "BUILDING RELATIONAL DATABASE",
    "title": "CP2 - Exemplos de Projetos",
    "date": "2021-01-01",
    "feedback": "Muito bom",
    "note": 7,
    "semestre": "2"
  },
  {
    "id": 18,
    "name": "Marcos Vinicius",
    "tipo": "checkpoint",
    "materia": "BUILDING RELATIONAL DATABASE",
    "title": "CP3 - Exemplos de Projetos",
    "date": "2021-01-01",
    "feedback": "Muito bom",
    "note": 8,
    "semestre": "2"
  },
  {
    "id": 19,
    "name": "Marcos Vinicius",
    "tipo": "checkpoint",
    "materia": "FRONT-END DESIGN ENGINEERING",
    "title": "CP1 - Exemplos de Projetos",
    "date": "2021-01-01",
    "feedback": "Muito bom",
    "note": 7,
    "semestre": "1"
  },
  {
    "id": 20,
    "name": "Marcos Vinicius",
    "tipo": "checkpoint",
    "materia": "FRONT-END DESIGN ENGINEERING",
    "title": "CP2 - Exemplos de Projetos",
    "date": "2021-01-01",
    "feedback": "Muito bom",
    "note": 8,
    "semestre": "1"
  },
  {
    "id": 21,
    "name": "Marcos Vinicius",
    "tipo": "checkpoint",
    "materia": "FRONT-END DESIGN ENGINEERING",
    "title": "CP3 - Exemplos de Projetos",
    "date": "2021-01-01",
    "feedback": "Muito bom",
    "note": 9,
    "semestre": "1"
  },
  {
    "id": 22,
    "name": "Marcos Vinicius",
    "tipo": "checkpoint",
    "materia": "FRONT-END DESIGN ENGINEERING",
    "title": "CP1 - Exemplos de Projetos",
    "date": "2021-01-01",
    "feedback": "Muito bom",
    "note": 6,
    "semestre": "2"
  },
  {
    "id": 23,
    "name": "Marcos Vinicius",
    "tipo": "checkpoint",
    "materia": "FRONT-END DESIGN ENGINEERING",
    "title": "CP2 - Exemplos de Projetos",
    "date": "2021-01-01",
    "feedback": "Muito bom",
    "note": 7,
    "semestre": "2"
  },
  {
    "id": 24,
    "name": "Marcos Vinicius",
    "tipo": "checkpoint",
    "materia": "FRONT-END DESIGN ENGINEERING",
    "title": "CP3 - Exemplos de Projetos",
    "date": "2021-01-01",
    "feedback": "Muito bom",
    "note": 8,
    "semestre": "2"
  },
  {
    "id": 25,
    "name": "Marcos Vinicius",
    "tipo": "checkpoint",
    "materia": "COMPUTATIONAL THINKING USING PYTHON",
    "title": "CP1 - Exemplos de Projetos",
    "date": "2021-01-01",
    "feedback": "Muito bom",
    "note": 7,
    "semestre": "1"
  },
  {
    "id": 26,
    "name": "Marcos Vinicius",
    "tipo": "checkpoint",
    "materia": "COMPUTATIONAL THINKING USING PYTHON",
    "title": "CP2 - Exemplos de Projetos",
    "date": "2021-01-01",
    "feedback": "Muito bom",
    "note": 8,
    "semestre": "1"
  },
  {
    "id": 27,
    "name": "Marcos Vinicius",
    "tipo": "checkpoint",
    "materia": "COMPUTATIONAL THINKING USING PYTHON",
    "title": "CP3 - Exemplos de Projetos",
    "date": "2021-01-01",
    "feedback": "Muito bom",
    "note": 9,
    "semestre": "1"
  },
  {
    "id": 28,
    "name": "Marcos Vinicius",
    "tipo": "checkpoint",
    "materia": "COMPUTATIONAL THINKING USING PYTHON",
    "title": "CP1 - Exemplos de Projetos",
    "date": "2021-01-01",
    "feedback": "Muito bom",
    "note": 6,
    "semestre": "2"
  },
  {
    "id": 29,
    "name": "Marcos Vinicius",
    "tipo": "checkpoint",
    "materia": "COMPUTATIONAL THINKING USING PYTHON",
    "title": "CP2 - Exemplos de Projetos",
    "date": "2021-01-01",
    "feedback": "Muito bom",
    "note": 7,
    "semestre": "2"
  },
  {
    "id": 30,
    "name": "Marcos Vinicius",
    "tipo": "checkpoint",
    "materia": "COMPUTATIONAL THINKING USING PYTHON",
    "title": "CP3 - Exemplos de Projetos",
    "date": "2021-01-01",
    "feedback": "Muito bom",
    "note": 8,
    "semestre": "2"
  },
  {
    "id": 31,
    "name": "Marcos Vinicius",
    "tipo": "checkpoint",
    "materia": "SOFTWARE ENGINEERING AND BUSINESS MODEL",
    "title": "CP1 - Exemplos de Projetos",
    "date": "2021-01-01",
    "feedback": "Muito bom",
    "note": 7,
    "semestre": "1"
  },
  {
    "id": 32,
    "name": "Marcos Vinicius",
    "tipo": "checkpoint",
    "materia": "SOFTWARE ENGINEERING AND BUSINESS MODEL",
    "title": "CP2 - Exemplos de Projetos",
    "date": "2021-01-01",
    "feedback": "Muito bom",
    "note": 8,
    "semestre": "1"
  },
  {
    "id": 33,
    "name": "Marcos Vinicius",
    "tipo": "checkpoint",
    "materia": "SOFTWARE ENGINEERING AND BUSINESS MODEL",
    "title": "CP3 - Exemplos de Projetos",
    "date": "2021-01-01",
    "feedback": "Muito bom",
    "note": 9,
    "semestre": "1"
  },
  {
    "id": 34,
    "name": "Marcos Vinicius",
    "tipo": "checkpoint",
    "materia": "SOFTWARE ENGINEERING AND BUSINESS MODEL",
    "title": "CP1 - Exemplos de Projetos",
    "date": "2021-01-01",
    "feedback": "Muito bom",
    "note": 6,
    "semestre": "2"
  },
  {
    "id": 35,
    "name": "Marcos Vinicius",
    "tipo": "checkpoint",
    "materia": "SOFTWARE ENGINEERING AND BUSINESS MODEL",
    "title": "CP2 - Exemplos de Projetos",
    "date": "2021-01-01",
    "feedback": "Muito bom",
    "note": 7,
    "semestre": "2"
  },
  {
    "id": 36,
    "name": "Marcos Vinicius",
    "tipo": "checkpoint",
    "materia": "SOFTWARE ENGINEERING AND BUSINESS MODEL",
    "title": "CP3 - Exemplos de Projetos",
    "date": "2021-01-01",
    "feedback": "Muito bom",
    "note": 8,
    "semestre": "2"
  },
  {
    "id": 37,
    "name": "Marcos Vinicius",
    "tipo": "sprint",
    "materia": "SOFTWARE ENGINEERING AND BUSINESS MODEL",
    "title": "Sprint 1 - Exemplos de Projetos",
    "date": "2021-01-01",
    "feedback": "RUIM",
    "note": "10",
    "semestre": "1"
  },
  {
    "id": 38,
    "name": "Marcos Vinicius",
    "tipo": "sprint",
    "materia": "SOFTWARE ENGINEERING AND BUSINESS MODEL",
    "title": "Sprint 2 - Exemplos de Projetos",
    "date": "2021-01-01",
    "feedback": "Muito bom",
    "note": 10,
    "semestre": "1"
  },
  {
    "id": 39,
    "name": "Marcos Vinicius",
    "tipo": "sprint",
    "materia": "SOFTWARE ENGINEERING AND BUSINESS MODEL",
    "title": "Sprint 3 - Exemplos de Projetos",
    "date": "2021-01-01",
    "feedback": "Muito bom",
    "note": 6,
    "semestre": "1"
  },
  {
    "id": 40,
    "name": "Marcos Vinicius",
    "tipo": "sprint",
    "materia": "SOFTWARE ENGINEERING AND BUSINESS MODEL",
    "title": "Sprint 4 - Exemplos de Projetos",
    "date": "05-05-2024",
    "feedback": "Muito bom",
    "note": 9,
    "semestre": "2"
  },
  {
    "id": 41,
    "name": "Marcos Vinicius",
    "tipo": "sprint",
    "materia": "SOFTWARE ENGINEERING AND BUSINESS MODEL",
    "title": "Sprint 5 - Exemplos de Projetos",
    "date": "2021-01-01",
    "feedback": "Muito bom",
    "note": 10,
    "semestre": "2"
  },
  {
    "id": 42,
    "name": "Marcos Vinicius",
    "tipo": "sprint",
    "materia": "SOFTWARE ENGINEERING AND BUSINESS MODEL",
    "title": "Sprint 6 - Exemplos de Projetos",
    "date": "2021-01-01",
    "feedback": "Muito bom",
    "note": 8,
    "semestre": "2"
  },
  {
    "name": "Marcos Vinicius",
    "tipo": "globalsolution",
    "materia": "ARTIFICIAL INTELLIGENCE AND CHATBOT",
    "title": "Teste",
    "date": "2024-10-08",
    "feedback": "teste",
    "note": 8,
    "semestre": "1",
    "id": 43
  },
  {
    "name": "Marcos Vinicius",
    "tipo": "globalsolution",
    "materia": "ARTIFICIAL INTELLIGENCE AND CHATBOT",
    "title": "TesteT",
    "date": "2024-10-23",
    "feedback": "TesteT",
    "note": 10,
    "semestre": "2",
    "id": 44
  },
  {
    "name": "Pedro Bergara",
    "tipo": "checkpoint",
    "materia": "ARTIFICIAL INTELLIGENCE AND CHATBOT",
    "title": "cp1",
    "date": "2024-04-19",
    "feedback": "Muito bom",
    "note": 9,
    "semestre": "1",
    "id": 45
  },
  {
    "name": "Pedro Bergara",
    "tipo": "checkpoint",
    "materia": "ARTIFICIAL INTELLIGENCE AND CHATBOT",
    "title": "cp2",
    "date": "2024-05-03",
    "feedback": "Muito bom",
    "note": 10,
    "semestre": "1",
    "id": 46
  },
  {
    "name": "Pedro Bergara",
    "tipo": "sprint",
    "materia": "ARTIFICIAL INTELLIGENCE AND CHATBOT",
    "title": "Sprint 1",
    "date": "2024-05-09",
    "feedback": "Muito bom",
    "note": 10,
    "semestre": "1",
    "id": 47
  },
  {
    "name": "Pedro Bergara",
    "tipo": "sprint",
    "materia": "ARTIFICIAL INTELLIGENCE AND CHATBOT",
    "title": "Sprint 2",
    "date": "2024-04-19",
    "feedback": "Muito bom",
    "note": 8,
    "semestre": "1",
    "id": 48
  },
  {
    "name": "Pedro Bergara",
    "tipo": "checkpoint",
    "materia": "BUILDING RELATIONAL DATABASE",
    "title": "CP1",
    "date": "2024-04-01",
    "feedback": "Muito bom",
    "note": 9.5,
    "semestre": "1",
    "id": 49
  },
  {
    "name": "Pedro Bergara",
    "tipo": "checkpoint",
    "materia": "BUILDING RELATIONAL DATABASE",
    "title": "CP2",
    "date": "2024-04-29",
    "feedback": "Muito bom",
    "note": 10,
    "semestre": "1",
    "id": 50
  },
  {
    "name": "Pedro Bergara",
    "tipo": "sprint",
    "materia": "BUILDING RELATIONAL DATABASE",
    "title": "Sprint 1",
    "date": "2024-05-04",
    "feedback": "Muito bom",
    "note": 9,
    "semestre": "1",
    "id": 51
  },
  {
    "name": "Pedro Bergara",
    "tipo": "sprint",
    "materia": "BUILDING RELATIONAL DATABASE",
    "title": "Sprint 2",
    "date": "2024-05-26",
    "feedback": "bom",
    "note": 8.6,
    "semestre": "1",
    "id": 52
  },
  {
    "name": "Pedro Bergara",
    "tipo": "checkpoint",
    "materia": "COMPUTATIONAL THINKING USING PYTHON",
    "title": "cp1",
    "date": "2024-03-25",
    "feedback": "Muito bom",
    "note": 10,
    "semestre": "1",
    "id": 53
  },
  {
    "name": "Pedro Bergara",
    "tipo": "checkpoint",
    "materia": "COMPUTATIONAL THINKING USING PYTHON",
    "title": "cp3",
    "date": "2024-05-20",
    "feedback": "bom",
    "note": 8,
    "semestre": "1",
    "id": 54
  },
  {
    "name": "Pedro Bergara",
    "tipo": "sprint",
    "materia": "COMPUTATIONAL THINKING USING PYTHON",
    "title": "sprint1",
    "date": "2024-04-29",
    "feedback": "bom",
    "note": 8,
    "semestre": "1",
    "id": 55
  },
  {
    "name": "Pedro Bergara",
    "tipo": "sprint",
    "materia": "COMPUTATIONAL THINKING USING PYTHON",
    "title": "sprint2",
    "date": "2024-05-29",
    "feedback": "bom",
    "note": 8.5,
    "semestre": "1",
    "id": 56
  },
  {
    "name": "Pedro Bergara",
    "tipo": "checkpoint",
    "materia": "DOMAIN DRIVEN DESIGN USING JAVA",
    "title": "cp2",
    "date": "2024-05-09",
    "feedback": "bom",
    "note": 8.5,
    "semestre": "1",
    "id": 57
  },
  {
    "name": "Pedro Bergara",
    "tipo": "checkpoint",
    "materia": "DOMAIN DRIVEN DESIGN USING JAVA",
    "title": "cp3",
    "date": "2024-05-23",
    "feedback": "ruim",
    "note": 6.8,
    "semestre": "1",
    "id": 58
  },
  {
    "name": "Pedro Bergara",
    "tipo": "sprint",
    "materia": "DOMAIN DRIVEN DESIGN USING JAVA",
    "title": "sprint1",
    "date": "2024-05-06",
    "feedback": "bom",
    "note": 8.5,
    "semestre": "1",
    "id": 59
  },
  {
    "name": "Pedro Bergara",
    "tipo": "sprint",
    "materia": "DOMAIN DRIVEN DESIGN USING JAVA",
    "title": "sprint2",
    "date": "2024-05-29",
    "feedback": "bom",
    "note": 10,
    "semestre": "1",
    "id": 60
  },
  {
    "name": "Pedro Bergara",
    "tipo": "checkpoint",
    "materia": "FRONT-END DESIGN ENGINEERING",
    "title": "cp1",
    "date": "2024-03-21",
    "feedback": "bom",
    "note": 9,
    "semestre": "1",
    "id": 61
  },
  {
    "name": "Pedro Bergara",
    "tipo": "checkpoint",
    "materia": "FRONT-END DESIGN ENGINEERING",
    "title": "cp3",
    "date": "2024-06-08",
    "feedback": "bom",
    "note": 9,
    "semestre": "1",
    "id": 62
  },
  {
    "name": "Pedro Bergara",
    "tipo": "sprint",
    "materia": "FRONT-END DESIGN ENGINEERING",
    "title": "sprint1",
    "date": "2024-05-09",
    "feedback": "bom",
    "note": 5,
    "semestre": "1",
    "id": 63
  },
  {
    "name": "Pedro Bergara",
    "tipo": "sprint",
    "materia": "FRONT-END DESIGN ENGINEERING",
    "title": "sprint2",
    "date": "2024-06-06",
    "feedback": "ruim",
    "note": 5,
    "semestre": "1",
    "id": 64
  },
  {
    "name": "Pedro Bergara",
    "tipo": "checkpoint",
    "materia": "SOFTWARE ENGINEERING AND BUSINESS MODEL",
    "title": "cp1",
    "date": "2024-03-22",
    "feedback": "bom",
    "note": 8.5,
    "semestre": "1",
    "id": 65
  },
  {
    "name": "Pedro Bergara",
    "tipo": "checkpoint",
    "materia": "SOFTWARE ENGINEERING AND BUSINESS MODEL",
    "title": "cp2",
    "date": "2024-04-19",
    "feedback": "bom",
    "note": 7,
    "semestre": "1",
    "id": 66
  },
  {
    "name": "Pedro Bergara",
    "tipo": "sprint",
    "materia": "SOFTWARE ENGINEERING AND BUSINESS MODEL",
    "title": "sprint1",
    "date": "2024-05-10",
    "feedback": "bom",
    "note": 9,
    "semestre": "1",
    "id": 67
  },
  {
    "name": "Pedro Bergara",
    "tipo": "sprint",
    "materia": "SOFTWARE ENGINEERING AND BUSINESS MODEL",
    "title": "sprint2",
    "date": "2024-05-06",
    "feedback": "bom",
    "note": 8.5,
    "semestre": "1",
    "id": 68
  },
  {
    "name": "Pedro Bergara",
    "tipo": "checkpoint",
    "materia": "ARTIFICIAL INTELLIGENCE AND CHATBOT",
    "title": "cp1",
    "date": "2024-10-06",
    "feedback": "bom",
    "note": 10,
    "semestre": "2",
    "id": 69
  },
  {
    "name": "Pedro Bergara",
    "tipo": "checkpoint",
    "materia": "ARTIFICIAL INTELLIGENCE AND CHATBOT",
    "title": "cp2",
    "date": "2024-10-20",
    "feedback": "muito bom",
    "note": 10,
    "semestre": "2",
    "id": 70
  },
  {
    "name": "Pedro Bergara",
    "tipo": "sprint",
    "materia": "ARTIFICIAL INTELLIGENCE AND CHATBOT",
    "title": "sprint3",
    "date": "2024-05-29",
    "feedback": "bom",
    "note": 10,
    "semestre": "1",
    "id": 71
  },
  {
    "name": "Pedro Bergara",
    "tipo": "checkpoint",
    "materia": "BUILDING RELATIONAL DATABASE",
    "title": "sprint2",
    "date": "2024-05-29",
    "feedback": "bom",
    "note": 8.5,
    "semestre": "1",
    "id": 72
  },
  {
    "name": "Pedro Bergara",
    "tipo": "sprint",
    "materia": "COMPUTATIONAL THINKING USING PYTHON",
    "title": "sprint2",
    "date": "2024-05-29",
    "feedback": "bom",
    "note": 8.5,
    "semestre": "1",
    "id": 73
  },
  {
    "name": "Pedro Bergara",
    "tipo": "sprint",
    "materia": "COMPUTATIONAL THINKING USING PYTHON",
    "title": "sprint2",
    "date": "2024-05-29",
    "feedback": "bom",
    "note": 8.5,
    "semestre": "1",
    "id": 74
  },
  {
    "name": "Pedro Bergara",
    "tipo": "sprint",
    "materia": "COMPUTATIONAL THINKING USING PYTHON",
    "title": "sprint2",
    "date": "2024-05-29",
    "feedback": "bom",
    "note": 8.5,
    "semestre": "1",
    "id": 75
  },
  {
    "name": "Pedro Bergara",
    "tipo": "sprint",
    "materia": "COMPUTATIONAL THINKING USING PYTHON",
    "title": "sprint2",
    "date": "2024-05-29",
    "feedback": "bom",
    "note": 8.5,
    "semestre": "1",
    "id": 76
  },
  {
    "name": "Pedro Bergara",
    "tipo": "sprint",
    "materia": "COMPUTATIONAL THINKING USING PYTHON",
    "title": "sprint2",
    "date": "2024-05-29",
    "feedback": "bom",
    "note": 8.5,
    "semestre": "1",
    "id": 77
  },
  {
    "name": "Pedro Bergara",
    "tipo": "sprint",
    "materia": "COMPUTATIONAL THINKING USING PYTHON",
    "title": "sprint2",
    "date": "2024-05-29",
    "feedback": "bom",
    "note": 8.5,
    "semestre": "1",
    "id": 78
  },
  {
    "name": "Pedro Bergara",
    "tipo": "sprint",
    "materia": "COMPUTATIONAL THINKING USING PYTHON",
    "title": "sprint2",
    "date": "2024-05-29",
    "feedback": "bom",
    "note": 8.5,
    "semestre": "1",
    "id": 79
  },
  {
    "name": "Pedro Bergara",
    "tipo": "sprint",
    "materia": "COMPUTATIONAL THINKING USING PYTHON",
    "title": "sprint2",
    "date": "2024-05-29",
    "feedback": "bom",
    "note": 8.5,
    "semestre": "1",
    "id": 80
  },
  {
    "name": "Pedro Bergara",
    "tipo": "sprint",
    "materia": "COMPUTATIONAL THINKING USING PYTHON",
    "title": "sprint2",
    "date": "2024-05-29",
    "feedback": "bom",
    "note": 8.5,
    "semestre": "1",
    "id": 81
  },
  {
    "name": "Pedro Bergara",
    "tipo": "sprint",
    "materia": "COMPUTATIONAL THINKING USING PYTHON",
    "title": "sprint2",
    "date": "2024-05-29",
    "feedback": "bom",
    "note": 8.5,
    "semestre": "1",
    "id": 82
  },
  {
    "name": "Pedro Bergara",
    "tipo": "sprint",
    "materia": "COMPUTATIONAL THINKING USING PYTHON",
    "title": "sprint2",
    "date": "2024-05-29",
    "feedback": "bom",
    "note": 8.5,
    "semestre": "1",
    "id": 83
  },
  {
    "name": "Pedro Bergara",
    "tipo": "sprint",
    "materia": "COMPUTATIONAL THINKING USING PYTHON",
    "title": "sprint2",
    "date": "2024-05-29",
    "feedback": "bom",
    "note": 8.5,
    "semestre": "1",
    "id": 84
  },
  {
    "name": "Pedro Bergara",
    "tipo": "sprint",
    "materia": "COMPUTATIONAL THINKING USING PYTHON",
    "title": "sprint2",
    "date": "2024-05-29",
    "feedback": "bom",
    "note": 8.5,
    "semestre": "1",
    "id": 85
  },
  {
    "name": "Pedro Bergara",
    "tipo": "sprint",
    "materia": "COMPUTATIONAL THINKING USING PYTHON",
    "title": "sprint2",
    "date": "2024-05-29",
    "feedback": "bom",
    "note": 8.5,
    "semestre": "1",
    "id": 86
  },
  {
    "name": "Pedro Bergara",
    "tipo": "sprint",
    "materia": "COMPUTATIONAL THINKING USING PYTHON",
    "title": "sprint2",
    "date": "2024-05-29",
    "feedback": "bom",
    "note": 8.5,
    "semestre": "1",
    "id":87
  },
  {
    "name": "Pedro Bergara",
    "tipo": "sprint",
    "materia": "COMPUTATIONAL THINKING USING PYTHON",
    "title": "sprint2",
    "date": "2024-05-29",
    "feedback": "bom",
    "note": 8.5,
    "semestre": "1",
    "id": 88
  },
  {
    "id": 89,
    "name": "Henrique Izzi",
    "tipo": "checkpoint",
    "materia": "ARTIFICIAL INTELLIGENCE AND CHATBOT",
    "title": "CP1 - ChatBot1",
    "date": "2021-01-01",
    "feedback": "Excelente",
    "note": 9.2,
    "semestre": "1"
  },
  {
    "id": 90,
    "name": "Henrique Izzi",
    "tipo": "checkpoint",
    "materia": "ARTIFICIAL INTELLIGENCE AND CHATBOT",
    "title": "CP2 - ChatBot",
    "date": "2021-01-01",
    "feedback": "Satisfatório",
    "note": 7.4,
    "semestre": "1"
  },
  {
    "id": 91,
    "name": "Henrique Izzi",
    "tipo": "checkpoint",
    "materia": "ARTIFICIAL INTELLIGENCE AND CHATBOT",
    "title": "CP3 - ChatBot",
    "date": "2021-01-01",
    "feedback": "Muito bom",
    "note": 8.9,
    "semestre": "1"
  },
  {
    "id": 92,
    "name": "Henrique Izzi",
    "tipo": "checkpoint",
    "materia": "ARTIFICIAL INTELLIGENCE AND CHATBOT",
    "title": "CP1 - Exemplos de Projetos",
    "date": "2021-01-01",
    "feedback": "Excelente",
    "note": 9.5,
    "semestre": "2"
  },
  {
    "id": 93,
    "name": "Henrique Izzi",
    "tipo": "checkpoint",
    "materia": "DOMAIN DRIVEN DESIGN USING JAVA",
    "title": "CP1 - Javake",
    "date": "2021-02-18",
    "feedback": "Bom",
    "note": 7.1,
    "semestre": "1"
  },
  {
    "id": 94,
    "name": "Henrique Izzi",
    "tipo": "checkpoint",
    "materia": "DOMAIN DRIVEN DESIGN USING JAVA",
    "title": "CP2 - Java",
    "date": "2021-01-01",
    "feedback": "Muito bom",
    "note": 8.3,
    "semestre": "1"
  },
  {
    "id": 95,
    "name": "Henrique Izzi",
    "tipo": "checkpoint",
    "materia": "BUILDING RELATIONAL DATABASE",
    "title": "CP1 - Exemplos de Projetos",
    "date": "2021-01-01",
    "feedback": "Excelente",
    "note": 9.0,
    "semestre": "1"
  },
  {
    "id": 96,
    "name": "Henrique Izzi",
    "tipo": "checkpoint",
    "materia": "FRONT-END DESIGN ENGINEERING",
    "title": "CP1 - Exemplos de Projetos",
    "date": "2021-01-01",
    "feedback": "Satisfatório",
    "note": 7.5,
    "semestre": "1"
  },
  {
    "id": 97,
    "name": "Henrique Izzi",
    "tipo": "checkpoint",
    "materia": "FRONT-END DESIGN ENGINEERING",
    "title": "CP2 - Exemplos de Projetos",
    "date": "2021-01-01",
    "feedback": "Muito bom",
    "note": 8.2,
    "semestre": "1"
  },
  {
    "id": 98,
    "name": "Henrique Izzi",
    "tipo": "checkpoint",
    "materia": "COMPUTATIONAL THINKING USING PYTHON",
    "title": "CP1 - Exemplos de Projetos",
    "date": "2021-01-01",
    "feedback": "Muito bom",
    "note": 8.7,
    "semestre": "1"
  },
  {
    "id": 99,
    "name": "Henrique Izzi",
    "tipo": "checkpoint",
    "materia": "SOFTWARE ENGINEERING AND BUSINESS MODEL",
    "title": "CP1 - Exemplos de Projetos",
    "date": "2021-01-01",
    "feedback": "Excelente",
    "note": 9.1,
    "semestre": "1"
  },
  {
    "id": 100,
    "name": "Henrique Izzi",
    "tipo": "sprint",
    "materia": "SOFTWARE ENGINEERING AND BUSINESS MODEL",
    "title": "Sprint 1 - Exemplos de Projetos",
    "date": "2021-01-01",
    "feedback": "Satisfatório",
    "note": 7.0,
    "semestre": "1"
  },
  {
    "id": 101,
    "name": "Henrique Izzi",
    "tipo": "sprint",
    "materia": "SOFTWARE ENGINEERING AND BUSINESS MODEL",
    "title": "Sprint 2 - Exemplos de Projetos",
    "date": "2021-01-01",
    "feedback": "Muito bom",
    "note": 8.6,
    "semestre": "1"
  },
  {
    "id": 102,
    "name": "Henrique Izzi",
    "tipo": "checkpoint",
    "materia": "BUILDING RELATIONAL DATABASE",
    "title": "CP3 - Exemplos de Projetos",
    "date": "2021-01-01",
    "feedback": "Satisfatório",
    "note": 7.4,
    "semestre": "2"
  },
  {
    "id": 103,
    "name": "Henrique Izzi",
    "tipo": "checkpoint",
    "materia": "FRONT-END DESIGN ENGINEERING",
    "title": "CP3 - Exemplos de Projetos",
    "date": "2021-01-01",
    "feedback": "Muito bom",
    "note": 8.4,
    "semestre": "2"
  },
  {
    "id": 104,
    "name": "Henrique Izzi",
    "tipo": "checkpoint",
    "materia": "COMPUTATIONAL THINKING USING PYTHON",
    "title": "CP3 - Exemplos de Projetos",
    "date": "2021-01-01",
    "feedback": "Excelente",
    "note": 9.3,
    "semestre": "2"
  },
  {
    "id": 105,
    "name": "Henrique Izzi",
    "tipo": "checkpoint",
    "materia": "SOFTWARE ENGINEERING AND BUSINESS MODEL",
    "title": "CP2 - Exemplos de Projetos",
    "date": "2021-01-01",
    "feedback": "Muito bom",
    "note": 8.8,
    "semestre": "2"
  },
  {
    "id": 106,
    "name": "Henrique Izzi",
    "tipo": "checkpoint",
    "materia": "SOFTWARE ENGINEERING AND BUSINESS MODEL",
    "title": "CP3 - Exemplos de Projetos",
    "date": "2021-01-01",
    "feedback": "Excelente",
    "note": 9.0,
    "semestre": "2"
  },
  {
    "id": 107,
    "name": "Henrique Izzi",
    "tipo": "sprint",
    "materia": "SOFTWARE ENGINEERING AND BUSINESS MODEL",
    "title": "Sprint 4 - Exemplos de Projetos",
    "date": "05-05-2024",
    "feedback": "Muito bom",
    "note": 8.3,
    "semestre": "2"
  },
  {
    "id": 108,
    "name": "Henrique Izzi",
    "tipo": "sprint",
    "materia": "SOFTWARE ENGINEERING AND BUSINESS MODEL",
    "title": "Sprint 5 - Exemplos de Projetos",
    "date": "2021-01-01",
    "feedback": "Excelente",
    "note": 9.2,
    "semestre": "2"
  },
  {
    "id": 109,
    "name": "Henrique Izzi",
    "tipo": "checkpoint",
    "materia": "BUILDING RELATIONAL DATABASE",
    "title": "CP2 - Exemplos de Projetos",
    "date": "2021-01-01",
    "feedback": "Satisfatório",
    "note": 7.9,
    "semestre": "2"
  },
  {
    "id": 110,
    "name": "Henrique Izzi",
    "tipo": "checkpoint",
    "materia": "DOMAIN DRIVEN DESIGN USING JAVA",
    "title": "CP3 - Exemplos de Projetos",
    "date": "2021-01-01",
    "feedback": "Muito bom",
    "note": 8.5,
    "semestre": "2"
  },
  {
    "id": 111,
    "name": "Henrique Izzi",
    "tipo": "checkpoint",
    "materia": "BUILDING RELATIONAL DATABASE",
    "title": "CP3 - Exemplos de Projetos",
    "date": "2021-01-01",
    "feedback": "Excelente",
    "note": 9.1,
    "semestre": "2"
  },
  {
    "id": 112,
    "name": "Henrique Izzi",
    "tipo": "sprint",
    "materia": "SOFTWARE ENGINEERING AND BUSINESS MODEL",
    "title": "Sprint 6 - Exemplos de Projetos",
    "date": "2021-01-01",
    "feedback": "Muito bom",
    "note": 8.7,
    "semestre": "2"
  },
  {
    "id": 113,
    "name": "Henrique Izzi",
    "tipo": "checkpoint",
    "materia": "FRONT-END DESIGN ENGINEERING",
    "title": "CP4 - Exemplos de Projetos",
    "date": "2021-01-01",
    "feedback": "Excelente",
    "note": 9.0,
    "semestre": "2"
  },
  {
    "id": 114,
    "name": "Henrique Izzi",
    "tipo": "checkpoint",
    "materia": "DOMAIN DRIVEN DESIGN USING JAVA",
    "title": "CP4 - Exemplos de Projetos",
    "date": "2021-01-01",
    "feedback": "Satisfatório",
    "note": 7.6,
    "semestre": "2"
  },
  {
    "id": 115,
    "name": "Henrique Izzi",
    "tipo": "checkpoint",
    "materia": "SOFTWARE ENGINEERING AND BUSINESS MODEL",
    "title": "CP4 - Exemplos de Projetos",
    "date": "2021-01-01",
    "feedback": "Muito bom",
    "note": 8.8,
    "semestre": "2"
  },
  {
    "id": 116,
    "name": "Henrique Izzi",
    "tipo": "sprint",
    "materia": "SOFTWARE ENGINEERING AND BUSINESS MODEL",
    "title": "Sprint 7 - Exemplos de Projetos",
    "date": "2021-01-01",
    "feedback": "Excelente",
    "note": 9.2,
    "semestre": "2"
  },
  {
    "id": 117,
    "name": "Henrique Izzi",
    "tipo": "checkpoint",
    "materia": "COMPUTATIONAL THINKING USING PYTHON",
    "title": "CP4 - Exemplos de Projetos",
    "date": "2021-01-01",
    "feedback": "Muito bom",
    "note": 8.5,
    "semestre": "2"
  },
  {
    "id": 118,
    "name": "Henrique Izzi",
    "tipo": "checkpoint",
    "materia": "BUILDING RELATIONAL DATABASE",
    "title": "CP4 - Exemplos de Projetos",
    "date": "2021-01-01",
    "feedback": "Excelente",
    "note": 9.0,
    "semestre": "2"
  },
  {
    "id": 119,
    "name": "Henrique Izzi",
    "tipo": "checkpoint",
    "materia": "ARTIFICIAL INTELLIGENCE AND CHATBOT",
    "title": "CP4 - Exemplos de Projetos",
    "date": "2021-01-01",
    "feedback": "Satisfatório",
    "note": 7.7,
    "semestre": "2"
  },
  {
    "id": 120,
    "name": "Henrique Izzi",
    "tipo": "sprint",
    "materia": "DOMAIN DRIVEN DESIGN USING JAVA",
    "title": "Sprint 5 - Exemplos de Projetos",
    "date": "2021-01-01",
    "feedback": "Muito bom",
    "note": 8.3,
    "semestre": "2"
  },
  {
    "id": 121,
    "name": "Henrique Izzi",
    "tipo": "checkpoint",
    "materia": "DOMAIN DRIVEN DESIGN USING JAVA",
    "title": "CP5 - Exemplos de Projetos",
    "date": "2021-01-01",
    "feedback": "Excelente",
    "note": 9.1,
    "semestre": "2"
  },
  {
    "id": 122,
    "name": "Henrique Izzi",
    "tipo": "checkpoint",
    "materia": "ARTIFICIAL INTELLIGENCE AND CHATBOT",
    "title": "CP5 - Exemplos de Projetos",
    "date": "2021-01-01",
    "feedback": "Muito bom",
    "note": 8.4,
    "semestre": "2"
  },
  {
    "id": 123,
    "name": "Henrique Izzi",
    "tipo": "checkpoint",
    "materia": "BUILDING RELATIONAL DATABASE",
    "title": "CP5 - Exemplos de Projetos",
    "date": "2021-01-01",
    "feedback": "Excelente",
    "note": 9.2,
    "semestre": "2"
  },
  {
    "id": 124,
    "name": "Henrique Izzi",
    "tipo": "checkpoint",
    "materia": "FRONT-END DESIGN ENGINEERING",
    "title": "CP5 - Exemplos de Projetos",
    "date": "2021-01-01",
    "feedback": "Muito bom",
    "note": 8.8,
    "semestre": "2"
  },
  {
    "id": 125,
    "name": "Henrique Izzi",
    "tipo": "checkpoint",
    "materia": "COMPUTATIONAL THINKING USING PYTHON",
    "title": "CP5 - Exemplos de Projetos",
    "date": "2021-01-01",
    "feedback": "Excelente",
    "note": 9.0,
    "semestre": "2"
  },
  {
    "id": 126,
    "name": "Henrique Izzi",
    "tipo": "checkpoint",
    "materia": "DOMAIN DRIVEN DESIGN USING JAVA",
    "title": "CP6 - Exemplos de Projetos",
    "date": "2021-01-01",
    "feedback": "Muito bom",
    "note": 8.6,
    "semestre": "2"
  },
  {
    "id": 127,
    "name": "Henrique Izzi",
    "tipo": "checkpoint",
    "materia": "BUILDING RELATIONAL DATABASE",
    "title": "CP6 - Exemplos de Projetos",
    "date": "2021-01-01",
    "feedback": "Excelente",
    "note": 9.3,
    "semestre": "2"
  },
  {
    "id": 128,
    "name": "Henrique Izzi",
    "tipo": "checkpoint",
    "materia": "COMPUTATIONAL THINKING USING PYTHON",
    "title": "CP6 - Exemplos de Projetos",
    "date": "2021-01-01",
    "feedback": "Muito bom",
    "note": 8.9,
    "semestre": "2"
  },
  {
    "id": 129,
    "name": "Henrique Izzi",
    "tipo": "checkpoint",
    "materia": "FRONT-END DESIGN ENGINEERING",
    "title": "CP6 - Exemplos de Projetos",
    "date": "2021-01-01",
    "feedback": "Excelente",
    "note": 9.1,
    "semestre": "2"
  },
  {
    "id": 130,
    "name": "Henrique Izzi",
    "tipo": "checkpoint",
    "materia": "DOMAIN DRIVEN DESIGN USING JAVA",
    "title": "CP7 - Exemplos de Projetos",
    "date": "2021-01-01",
    "feedback": "Satisfatório",
    "note": 7.8,
    "semestre": "2"
  },
  {
    "id": 131,
    "name": "Henrique Izzi",
    "tipo": "checkpoint",
    "materia": "ARTIFICIAL INTELLIGENCE AND CHATBOT",
    "title": "CP6 - Exemplos de Projetos",
    "date": "2021-01-01",
    "feedback": "Muito bom",
    "note": 8.5,
    "semestre": "2"
  },
  {
    "id": 132,
    "name": "Henrique Izzi",
    "tipo": "checkpoint",
    "materia": "FRONT-END DESIGN ENGINEERING",
    "title": "CP7 - Exemplos de Projetos",
    "date": "2021-01-01",
    "feedback": "Excelente",
    "note": 8.5,
    "semestre": "2"
  },

  {
    "id": 133,
    "name": "Richardy Borges",
    "tipo": "checkpoint",
    "materia": "ARTIFICIAL INTELLIGENCE AND CHATBOT",
    "title": "CP1 - ChatBot1",
    "date": "19/04/2024",
    "feedback": "muito bom",
    "note": "10",
    "semestre": "1"
  },
  {
    "id": 134,
    "name": "Richardy Borges",
    "tipo": "checkpoint",
    "materia": "ARTIFICIAL INTELLIGENCE AND CHATBOT",
    "title": "CP2 - ChatBot",
    "date": "03/05/2024",
    "feedback": "Muito bom",
    "note": 0,
    "semestre": "1"
  },

  {
    "id": 135,
    "name": "Richardy Borges",
    "tipo": "checkpoint",
    "materia": "ARTIFICIAL INTELLIGENCE AND CHATBOT",
    "title": "CP3 - ChatBot",
    "date": "24/05/2024",
    "feedback": "Muito bom",
    "note": 8,
    "semestre": "1"
  },
  {
    "id": 136,
    "name": "Richardy Borges",
    "tipo": "checkpoint",
    "materia": "ARTIFICIAL INTELLIGENCE AND CHATBOT",
    "title": "CP1 - Exemplos de Projetos",
    "date": "06/10/2024",
    "feedback": "Muito bom",
    "note": 10,
    "semestre": "2"
  },
  {
    "id": 137,
    "name": "Richardy Borges",
    "tipo": "checkpoint",
    "materia": "ARTIFICIAL INTELLIGENCE AND CHATBOT",
    "title": "CP2 - Exemplos de Projetos",
    "date": "20/10/2024",
    "feedback": "Muito bom",
    "note": 10,
    "semestre": "2"
  },
  {
    "id": 138,
    "name": "Richardy Borges",
    "tipo": "checkpoint",
    "materia": "DOMAIN DRIVEN DESIGN USING JAVA",
    "title": "CP1 - Javake",
    "date": "09/05/2024",
    "feedback": "Muito ruim",
    "note": "10",
    "semestre": "1"
  },
  {
    "id": 139,
    "name": "Richardy Borges",
    "tipo": "checkpoint",
    "materia": "DOMAIN DRIVEN DESIGN USING JAVA",
    "title": "CP2 - Java",
    "date": "23/05/2024",
    "feedback": "Muito bom",
    "note": 6.8,
    "semestre": "1"
  },
  {
    "id": 140,
    "name": "Richardy Borges",
    "tipo": "checkpoint",
    "materia": "DOMAIN DRIVEN DESIGN USING JAVA",
    "title": "CP3 - Exemplos de Projetos",
    "date": "12/09/2024",
    "feedback": "Muito feio",
    "note": 5,
    "semestre": "2"
  },
  {
    "id": 141,
    "name": "Richardy Borges",
    "tipo": "checkpoint",
    "materia": "DOMAIN DRIVEN DESIGN USING JAVA",
    "title": "CP4 - Exemplos de Projetos",
    "date": "17/10/2024",
    "feedback": "Muito bom",
    "note": 10,
    "semestre": "2"
  },
  {
    "id": 142,
    "name": "Richardy Borges",
    "tipo": "checkpoint",
    "materia": "BUILDING RELATIONAL DATABASE",
    "title": "CP2 - Exemplos de Projetos",
    "date": "01/04/2024",
    "feedback": "Muito bom",
    "note": 8.5,
    "semestre": "1"
  },
  {
    "id": 178,
    "name": "Arthur Ramos",
    "tipo": "checkpoint",
    "materia": "ARTIFICIAL INTELLIGENCE AND CHATBOT",
    "title": "CP1 - ChatBot1",
    "date": "2021-01-01",
    "feedback": "Bom",
    "note": 6,
    "semestre": "1"
  },
  {
    "id": 179,
    "name": "Arthur Ramos",
    "tipo": "checkpoint",
    "materia": "ARTIFICIAL INTELLIGENCE AND CHATBOT",
    "title": "CP2 - ChatBot",
    "date": "2021-01-01",
    "feedback": "Muito bom",
    "note": 7,
    "semestre": "1"
  },
  {
    "id": 180,
    "name": "Arthur Ramos",
    "tipo": "checkpoint",
    "materia": "ARTIFICIAL INTELLIGENCE AND CHATBOT",
    "title": "CP3 - ChatBot",
    "date": "2021-01-01",
    "feedback": "Excelente",
    "note": 10,
    "semestre": "1"
  },
  {
    "id": 181,
    "name": "Arthur Ramos",
    "tipo": "checkpoint",
    "materia": "DOMAIN DRIVEN DESIGN USING JAVA",
    "title": "CP1 - Javake",
    "date": "2021-02-18",
    "feedback": "Satisfatório",
    "note": 9,
    "semestre": "1"
  },
  {
    "id": 182,
    "name": "Arthur Ramos",
    "tipo": "checkpoint",
    "materia": "DOMAIN DRIVEN DESIGN USING JAVA",
    "title": "CP2 - Java",
    "date": "2021-01-01",
    "feedback": "Muito bom",
    "note": 9,
    "semestre": "1"
  },
  {
    "id": 183,
    "name": "Arthur Ramos",
    "tipo": "checkpoint",
    "materia": "DOMAIN DRIVEN DESIGN USING JAVA",
    "title": "CP3 - Exemplos de Projetos",
    "date": "2021-01-01",
    "feedback": "Bom",
    "note": 9,
    "semestre": "1"
  },
  {
    "id": 184,
    "name": "Arthur Ramos",
    "tipo": "checkpoint",
    "materia": "BUILDING RELATIONAL DATABASE",
    "title": "CP1 - Exemplos de Projetos",
    "date": "2021-01-01",
    "feedback": "Satisfatório",
    "note": 9,
    "semestre": "2"
  },
  {
    "id": 185,
    "name": "Arthur Ramos",
    "tipo": "checkpoint",
    "materia": "BUILDING RELATIONAL DATABASE",
    "title": "CP2 - Exemplos de Projetos",
    "date": "2021-01-01",
    "feedback": "Bom",
    "note": 7,
    "semestre": "2"
  },
  {
    "id": 186,
    "name": "Arthur Ramos",
    "tipo": "checkpoint",
    "materia": "BUILDING RELATIONAL DATABASE",
    "title": "CP3 - Exemplos de Projetos",
    "date": "2021-01-01",
    "feedback": "Muito bom",
    "note": 8,
    "semestre": "2"
  },
  {
    "id": 187,
    "name": "Arthur Ramos",
    "tipo": "checkpoint",
    "materia": "FRONT-END DESIGN ENGINEERING",
    "title": "CP1 - Exemplos de Projetos",
    "date": "2021-01-01",
    "feedback": "Bom",
    "note": 7,
    "semestre": "1"
  },
  {
    "id": 188,
    "name": "Arthur Ramos",
    "tipo": "checkpoint",
    "materia": "FRONT-END DESIGN ENGINEERING",
    "title": "CP2 - Exemplos de Projetos",
    "date": "2021-01-01",
    "feedback": "Muito bom",
    "note": 8,
    "semestre": "1"
  },
  {
    "id": 189,
    "name": "Arthur Ramos",
    "tipo": "checkpoint",
    "materia": "FRONT-END DESIGN ENGINEERING",
    "title": "CP3 - Exemplos de Projetos",
    "date": "2021-01-01",
    "feedback": "Excelente",
    "note": 9,
    "semestre": "1"
  },
  {
    "id": 190,
    "name": "Arthur Ramos",
    "tipo": "checkpoint",
    "materia": "COMPUTATIONAL THINKING USING PYTHON",
    "title": "CP1 - Exemplos de Projetos",
    "date": "2021-01-01",
    "feedback": "Bom",
    "note": 10,
    "semestre": "2"
  },
  {
    "id": 191,
    "name": "Arthur Ramos",
    "tipo": "checkpoint",
    "materia": "COMPUTATIONAL THINKING USING PYTHON",
    "title": "CP2 - Exemplos de Projetos",
    "date": "2021-01-01",
    "feedback": "Muito bom",
    "note": 9,
    "semestre": "2"
  },
  {
    "id": 192,
    "name": "Arthur Ramos",
    "tipo": "checkpoint",
    "materia": "COMPUTATIONAL THINKING USING PYTHON",
    "title": "CP3 - Exemplos de Projetos",
    "date": "2021-01-01",
    "feedback": "Excelente",
    "note": 7,
    "semestre": "2"
  }  
]